Last Name,First Name,email,github username 
Abbasi,Juliya,jabbasi@ucdavis.edu, 
Arciero,Jenna,jkarciero@ucdavis.edu,
Badger,Calen,cmbadger@ucdavis.edu,
Blanc,Jennifer,jgblanc@ucdavis.edu,
Brooks,Christopher,cjbrooks@ucdavis.edu,
Chan,Lai,lwchan@ucdavis.edu,
Dahms,Petra,padahms@ucdavis.edu,
Fatima,Sana,sfatima@ucdavis.edu,
Gao,Yinjie,yingao@ucdavis.edu,
Ge,Wanqiu,ge@ucdavis.edu,
Gill,Tavneet,tavgill@ucdavis.edu,
Jacobson,Amber,arjacobson@ucdavis.edu,
Kim,Seungmo,,
Kinra,Kataksha,kkinra@ucdavis.edu,
Le,Tu,turle@ucdavis.edu,
Li,Chunmei,,
Liu,Helen,hnliu@ucdavis.edu,
Ly,Lynn,lly@ucdavis.edu,
Maloof,Julin,jnmaloof@ucdavis.edu,jnmaloof
Marinho-Davis,Lilith,tmgomez@ucdavis.edu,
Meskienyar,Imran,imeskienyar@ucdavis.edu,
Morais,Vasco,vhmorais@ucdavis.edu,
Murguia,Deanna,dmurg@ucdavis.edu,
Nirmal,Niba,nnirmal@ucdavis.edu,
Peng,Felicia,flpeng@ucdavis.edu,
Poling,Michelle,mepoling@ucdavis.edu,
Qiu,Wenyi,wyiqiu@ucdavis.edu,
Rasai,Abeer,aarasai@ucdavis.edu,
Sadeghi,Arin,rinsa@ucdavis.edu,
Sartori,Sequoia,sksartori@ucdavis.edu,
Sasagawa,Koki,ksasagawa@ucdavis.edu,
Speca,David,,
Singh,Mitali,mitsingh@ucdavis.edu,
Tsang,Eliza,eptsang@ucdavis.edu,
Turco,Gina,gmturco@ucdavis.edu,gturco
Wang,Jia,wjjwang@ucdavis.edu,
Wong,Amy,wiawong@ucdavis.edu,
Yam,Sarah,seyam@ucdavis.edu,
